Metric,Score
F1,0.8445079365079364
MRR,0.8916666666666667
Recall,0.9466666666666667
Precision,0.7958333333333333
nDCG,0.9060689395595269
Answer F1,0.6781172864217252
